node_id,name,x,y,concourse,type,connections,icon,image_url,floor
"Node_Passport_Control","Passport Control",489,227,"D","security","Node_Intersection_D:50","","",""
"Node_Intersection_D","Main Concourse D Intersection",489,227,"D","intersection","Node_Passport_Control:50;Node_Concourse_D_West:163;Node_Concourse_D_East:163","","",""
"Node_Concourse_D_West","Concourse D West",337,247,"D","corridor","Node_Intersection_D:163;Node_Intersection_ABC:162","","",""
"Node_Concourse_D_East","Concourse D East",663,247,"D","corridor","Node_Intersection_D:163;Node_Intersection_EFG:162;Node_Gate_D4:80","","",""
"Node_Intersection_ABC","Intersection A-B-C",175,247,"D","intersection","Node_Concourse_D_West:162;Node_Concourse_A:53;Node_Concourse_B:55;Node_Concourse_C:47","","",""
"Node_Intersection_EFG","Intersection E-F-G",825,247,"D","intersection","Node_Concourse_D_East:162;Node_Concourse_E:47;Node_Concourse_F:55;Node_Concourse_G:53","","",""
"Node_Concourse_A","Concourse A Corridor",175,300,"A","corridor","Node_Intersection_ABC:53;Node_Gate_A1:100","","",""
"Node_Concourse_B","Concourse B Corridor",120,247,"B","corridor","Node_Intersection_ABC:55;Node_Gate_B1:70","","",""
"Node_Concourse_C","Concourse C Corridor",175,200,"C","corridor","Node_Intersection_ABC:47;Node_Gate_C1:100","","",""
"Node_Concourse_E","Concourse E Corridor",825,200,"E","corridor","Node_Intersection_EFG:47;Node_Gate_E2:100","","",""
"Node_Concourse_F","Concourse F Corridor",880,247,"F","corridor","Node_Intersection_EFG:55;Node_Gate_F2:70","","",""
"Node_Concourse_G","Concourse G Corridor",825,300,"G","corridor","Node_Intersection_EFG:53;Node_Gate_G2:100","","",""
"Node_Gate_C1","Gate C1",217,149,"C","gate","Node_Concourse_C:100","","",""
"Node_Gate_C2","Gate C2",217,149,"C","gate","","","",""
"Node_Gate_C3","Gate C3",217,149,"C","gate","","","",""
"Node_Gate_C4","Gate C4",217,149,"C","gate","","","",""
"Node_Gate_C5","Gate C5",217,149,"C","gate","","","",""
"Node_Gate_C6","Gate C6",217,149,"C","gate","","","",""
"Node_Gate_C7","Gate C7",217,149,"C","gate","","","",""
"Node_Gate_C8","Gate C8",217,149,"C","gate","","","",""
"Node_Gate_C9","Gate C9",217,149,"C","gate","","","",""
"Node_Gate_D1","Gate D1",377,168,"D","gate","Node_Concourse_D_East:80","","",""
"Node_Gate_D1A","Gate D1A",337,168,"D","gate","Node_Concourse_D_East:80","","",""
"Node_Gate_D2","Gate D2",376,168,"D","gate","Node_Concourse_D_East:80","","",""
"Node_Gate_D3","Gate D3",415,168,"D","gate","Node_Concourse_D_East:80","","",""
"Node_Gate_D4","Gate D4",454,168,"D","gate","Node_Concourse_D_East:80","","",""
"Node_Gate_D5","Gate D5",500,168,"D","gate","Node_Concourse_D_East:80","","",""
"Node_Gate_D6","Gate D6",550,168,"D","gate","Node_Concourse_D_East:80","","",""
"Node_Gate_D7","Gate D7",598,168,"D","gate","Node_Concourse_D_East:80","","",""
"Node_Gate_D8","Gate D8",648,168,"D","gate","Node_Concourse_D_East:80","","",""
"Node_Gate_D8A","Gate D8A",648,168,"D","gate","Node_Concourse_D_East:80","","",""
"Node_Gate_E1","Gate E1",766,153,"E","gate","Node_Concourse_E:100","","",""
"Node_Gate_E1A","Gate E1A",766,153,"E","gate","Node_Concourse_E:100","","",""
"Node_Gate_E2","Gate E2",766,153,"E","gate","Node_Concourse_E:100","","",""
"Node_Gate_E3","Gate E3",766,153,"E","gate","Node_Concourse_E:100","","",""
"Node_Gate_E4","Gate E4",766,153,"E","gate","Node_Concourse_E:100","","",""
"Node_Gate_E5","Gate E5",766,153,"E","gate","Node_Concourse_E:100","","",""
"Node_Gate_E6","Gate E6",766,153,"E","gate","Node_Concourse_E:100","","",""
"Node_Gate_E7","Gate E7",766,153,"E","gate","Node_Concourse_E:100","","",""
"Node_Gate_E8","Gate E8",766,153,"E","gate","Node_Concourse_E:100","","",""
"Node_Gate_E9","Gate E9",766,153,"E","gate","Node_Concourse_E:100","","",""
"Node_Gate_E10","Gate E10",766,153,"E","gate","Node_Concourse_E:100","","",""
"Node_Gate_F1","Gate F1",845,227,"F","gate","Node_Concourse_F:70","","",""
"Node_Gate_F1A","Gate F1A",845,227,"F","gate","Node_Concourse_F:70","","",""
"Node_Gate_F2","Gate F2",845,227,"F","gate","Node_Concourse_F:70","","",""
"Node_Gate_F3","Gate F3",845,227,"F","gate","Node_Concourse_F:70","","",""
"Node_Gate_F4","Gate F4",845,227,"F","gate","Node_Concourse_F:70","","",""
"Node_Gate_F5","Gate F5",845,227,"F","gate","Node_Concourse_F:70","","",""
"Node_Gate_F6","Gate F6",845,227,"F","gate","Node_Concourse_F:70","","",""
"Node_Gate_F7","Gate F7",845,227,"F","gate","Node_Concourse_F:70","","",""
"Node_Gate_F8","Gate F8",845,227,"F","gate","Node_Concourse_F:70","","",""
"Node_Gate_F9","Gate F9",845,227,"F","gate","Node_Concourse_F:70","","",""
"Node_Gate_F10","Gate F10",845,227,"F","gate","Node_Concourse_F:70","","",""
"Node_Gate_G1","Gate G1",767,357,"G","gate","Node_Concourse_G:100","","",""
"Node_Gate_G1A","Gate G1A",767,357,"G","gate","Node_Concourse_G:100","","",""
"Node_Gate_G2","Gate G2",767,357,"G","gate","Node_Concourse_G:100","","",""
"Node_Gate_G3","Gate G3",767,357,"G","gate","Node_Concourse_G:100","","",""
"Node_Gate_G4","Gate G4",767,357,"G","gate","Node_Concourse_G:100","","",""
"Node_Gate_G5","Gate G5",455,357,"G","gate","Node_Concourse_G:100","","",""
"Node_Gate_G6","Gate G6",767,357,"G","gate","Node_Concourse_G:100","","",""
"Node_Gate_G7","Gate G7",767,357,"G","gate","Node_Concourse_G:100","","",""
"Node_Gate_G28","Gate G8",767,357,"G","gate","Node_Concourse_G:100","","",""
"Node_Gate_G9","Gate G9",767,357,"G","gate","Node_Concourse_G:100","","",""
"Node_Gate_G10","Gate G10",767,357,"G","gate","Node_Concourse_G:100","","",""
"Node_Vat refund_East","Vat refund East",266,215,"D","vat_refund","","vat_refund","prod-1784991244037-601599188.png","FL.4"
"Node_Vat refund_West","Vat refund West",715,215,"D","vat_refund","","vat_refund","prod-1784991307444-419145824.png","FL.4"
"Node_DW","RESTROOM",737,215,"D","restroom","","wc","prod-1784991598043-154622655.svg","FL.4"
"Node_F","mc donald",814,217,"F","restaurant","","restaurant","","FL.4"
"Node_Lounge_D1","Coral lounge",335,192,"D","lounge","","lounge","https://encrypted-tbn0.gstatic.com/images?q=tbn:ANd9GcRTUuSpHeEnPzLrt46cnmHAUw4u8UGdPulYAtPAi6f1DQ&s=10","FL.3"
"Node_Pharmacy_West","Boots",759,236,"G","Pharmacy","","Pharmacy","prod-1785215620942-150647464.png","FL.4"
"Node_Pharmacy_East","Boots",220,196,"C","Pharmacy","","Pharmacy","prod-1785215607157-890179536.png","FL.4"
"Node_Smoking room_West","Smoking Room",733,230,"D","smoking-area","","smoking-area","","FL.4"
"Node_Smoking room_east","Smoking Room",190,230,"B","smoking-area","","smoking-area","","FL.4"
"Node_Prayer room_west","Prayer room",737,142,"E","prayer-room","","prayer-room","","FL.3"
"Node_information_east","information",224,230,"C","information","","information","","FL.4"
"Node_information_west","information",758,218,"D","information","","information","","FL.4"
"Node_Exchage rate_east","Exchage rate",214,214,"C","exchange-rate","","exchange-rate","prod-1785215575104-561699331.png","FL.4"
"Node_exchage rate_west","exchange rate",774,230,"E","exchange-rate","","exchange-rate","prod-1785215590365-252677204.png","FL.4"